loss,mape,val_loss,val_mape
0.020099855959415436,69870.78125,0.007383318152278662,171530.03125
0.006772446446120739,63824.03125,0.006685453001409769,224002.8125
