loss,mape,val_loss,val_mape
0.022313954308629036,133759.59375,0.010155079886317253,39.261539459228516
0.007409576326608658,58582.57421875,0.0061212521977722645,41.19631576538086
