loss,mape,val_loss,val_mape
0.024597790092229843,94623.4609375,0.009289012290537357,192918.484375
0.009507093578577042,44158.96484375,0.008366313762962818,155327.859375
