loss,mape,val_loss,val_mape
0.02378576062619686,93402.7578125,0.0107206329703331,104.84619903564453
0.009901411831378937,49305.42578125,0.008642945438623428,50.69637680053711
