loss,mape,val_loss,val_mape
0.02260720543563366,104350.2578125,0.00816323235630989,48.297950744628906
0.009496615268290043,57867.6484375,0.007258744910359383,34.59419631958008
