loss,mape,val_loss,val_mape
0.04950645565986633,343811.0,0.030341170728206635,292.4132080078125
0.020056474953889847,218424.046875,0.009499480947852135,154.86936950683594
