loss,mape,val_loss,val_mape
0.05749024450778961,375844.15625,0.0436515137553215,301.08636474609375
0.034926220774650574,291843.0,0.02007189765572548,206.30572509765625
