loss,mape,val_loss,val_mape
0.0671360045671463,184981.171875,0.031132975593209267,246.6443634033203
0.03410593047738075,174055.71875,0.023246975615620613,231.02484130859375
