loss,mape,val_loss,val_mape
0.06659252941608429,228186.0625,0.03624575957655907,334.0824890136719
0.035488199442625046,190844.578125,0.03107426129281521,95.76701354980469
